{"cameraMode":{"drawMode":0,"name":"Shaded","section":"Shading Mode"},"sceneLighting":false,"audioPlay":false,"sceneViewState":{"m_AlwaysRefresh":false,"showFog":true,"showSkybox":false,"showFlares":true,"showImageEffects":true,"showParticleSystems":true,"showVisualEffectGraphs":true,"m_FxEnabled":true},"in2DMode":false,"pivot":{"x":5.960464477539063e-8,"y":0.3582961857318878,"z":-3.5762786865234377e-7},"rotation":{"x":0.2116725593805313,"y":-0.017909111455082895,"z":0.0038930941373109819,"w":0.9772294759750366},"size":1.3228892087936402,"orthographic":false}